name,url
VAPE IT STORE II,https://jportal.mdcourts.gov/license/pbLicenseDetail.jsp?owi=fBGMag8qjYc%3D
VAPE IT STORE I,https://jportal.mdcourts.gov/license/pbLicenseDetail.jsp?owi=D%2BKOBQdQB3c%3D
VAPEPAD THE,https://jportal.mdcourts.gov/license/pbLicenseDetail.jsp?owi=6qqVFBESa5U%3D
VAPE FROG,NaN
VAPE FROG,NaN
VAPE LOFT THE,https://jportal.mdcourts.gov/license/pbLicenseDetail.jsp?owi=%2F4hH9a%2B3mEo%3D
VAPE N CIGAR,https://jportal.mdcourts.gov/license/pbLicenseDetail.jsp?owi=Hdbg6Tf6nbY%3D
VAPE DOJO,https://jportal.mdcourts.gov/license/pbLicenseDetail.jsp?owi=Nma7ehpVqsw%3D
VAPE HAVEN,NaN
VAPORS LOUNGE,NaN
VAPORFI SOUTHSIDE,https://jportal.mdcourts.gov/license/pbLicenseDetail.jsp?owi=b47SKm89xB4%3D
VAPE DO JO,https://jportal.mdcourts.gov/license/pbLicenseDetail.jsp?owi=96ZvsO0kweQ%3D
VAPERTETMD,NaN
VAPERTEKMD,https://jportal.mdcourts.gov/license/pbLicenseDetail.jsp?owi=eIeul%2F23geg%3D
VAPORIOT,NaN
VAPE PLUS,https://jportal.mdcourts.gov/license/pbLicenseDetail.jsp?owi=y%2BZ77s3b5qY%3D
VAPE SOCIAL,https://jportal.mdcourts.gov/license/pbLicenseDetail.jsp?owi=tvhPwgwisEc%3D
VAPE JUNGLE,https://jportal.mdcourts.gov/license/pbLicenseDetail.jsp?owi=i%2BLHiWgftC0%3D
VAPE TIME,NaN
VAPEBAR EXPESS,NaN
VAPEWERKS,https://jportal.mdcourts.gov/license/pbLicenseDetail.jsp?owi=XcD4Tfh4XFg%3D
VAPIST MD,https://jportal.mdcourts.gov/license/pbLicenseDetail.jsp?owi=Qqpaj8Rj%2Fy0%3D
VAPOR 99,NaN
VAPOR ALLEY,https://jportal.mdcourts.gov/license/pbLicenseDetail.jsp?owi=EvzcgVulatg%3D
VAPOR EMPORIUM,https://jportal.mdcourts.gov/license/pbLicenseDetail.jsp?owi=Y8fWbvSYABw%3D
VAPOR VILLA,https://jportal.mdcourts.gov/license/pbLicenseDetail.jsp?owi=zQKXdB2UDHk%3D
VAPOR VILLA,https://jportal.mdcourts.gov/license/pbLicenseDetail.jsp?owi=RoxjT%2FNfKqw%3D
VAPORS LOUNGE,https://jportal.mdcourts.gov/license/pbLicenseDetail.jsp?owi=8YRtiDntR9s%3D
VAPE DOJO,https://jportal.mdcourts.gov/license/pbLicenseDetail.jsp?owi=Pl21qIcve8k%3D
VAPE DOJO,https://jportal.mdcourts.gov/license/pbLicenseDetail.jsp?owi=yLxeM19bpUQ%3D
VAPE DOJO,https://jportal.mdcourts.gov/license/pbLicenseDetail.jsp?owi=MhmMCjPxuaw%3D
VAPE DOJO,https://jportal.mdcourts.gov/license/pbLicenseDetail.jsp?owi=O39%2Ft%2Ftf1sU%3D
VAPEZ YARDHOUSE,NaN
VAPERS RING,https://jportal.mdcourts.gov/license/pbLicenseDetail.jsp?owi=dpQDVleFTZY%3D
